{
  "timestamp": "2026-03-13T16:31:50.825561",
  "calibration_parameters": {
    "mpu_accel_scale": [
      0.9803485205754165,
      0.9956032559370268,
      0.9811900614651531
    ],
    "mpu_accel_offset": [
      0.7384250000000003,
      1.0063250000000004,
      -1.1529300000000005
    ],
    "adxl_accel_scale": [
      0.9648456187946789,
      0.9882935387593773,
      0.9799530294410826
    ],
    "adxl_accel_offset": [
      0.2147400000000017,
      -0.027699999999998504,
      -0.16094999999999704
    ],
    "mpu_gyro_offset": [
      -0.06216999999999997,
      -0.008406666666666666,
      -0.012183333333333336
    ]
  },
  "calibration_commands": [
    "SET:CAS,MPU,SCAL,0.980349,0.995603,0.981190",
    "SET:CAS,MPU,OFFS,0.738425,1.006325,-1.152930",
    "SET:CAS,ADXL,SCAL,0.964846,0.988294,0.979953",
    "SET:CAS,ADXL,OFFS,0.214740,-0.027700,-0.160950",
    "SET:CAS,GYRO,OFFS,-0.062170,-0.008407,-0.012183"
  ],
  "sensor_properties": {
    "params": {
      "AID": 57,
      "AED": 1,
      "ATP": 0,
      "ALV": 5,
      "ADT": 136984,
      "AMP": 0.694678,
      "ANUM": 0,
      "LAT": 116.783096,
      "LON": 39.991322
    }
  }
}