{
  "timestamp": "2026-03-16T11:02:19.804082",
  "calibration_parameters": {
    "mpu_accel_scale": [
      1.0539015000206982,
      0.9955648280145634,
      0.9728178717009899
    ],
    "mpu_accel_offset": [
      -0.19668499999999867,
      0.013324999999999143,
      -1.3778999999999995
    ],
    "adxl_accel_scale": [
      1.0491701852197755,
      0.9849219468324031,
      0.9854338965533188
    ],
    "adxl_accel_offset": [
      -0.5809149999999974,
      -0.06354999999999755,
      -0.3108599999999999
    ],
    "mpu_gyro_offset": [
      -0.08742833333333333,
      -0.2861416666666667,
      -0.029600000000000015
    ]
  },
  "calibration_commands": [
    "SET:RACKS,1.053902,0.995565,0.972818",
    "SET:RACOF,-0.196685,0.013325,-1.377900",
    "SET:REACKS,1.049170,0.984922,0.985434",
    "SET:REACOF,-0.580915,-0.063550,-0.310860",
    "SET:VROOF,-0.087428,-0.286142,-0.029600"
  ],
  "sensor_properties": {
    "params": {
      "GID": 2,
      "GED": 1,
      "GTP": 0,
      "GLV": 5,
      "GDT": 13722,
      "GMP": 2.027265,
      "GNUM": 1141,
      "LAT": 116.783096,
      "LON": 39.991322
    }
  }
}